timestamp,query,raw,improved
2025-03-21 19:44:59,What is the impact of climate change?,"The provided context focuses on the international response to the 2009 H1N1 pandemic, not climate change's impact.  To understand the relationship between climate change and pandemics, we need to consider these factors:

**Climate Change Impacts on Pandemics:**

* **Spread of Diseases:** Climate change can alter disease vectors (e.g., mosquitoes) and pathogens (e.g., viruses) by affecting temperature, precipitation, and humidity patterns.  This can expand the geographical range and spread of infectious diseases like influenza, dengue fever, malaria, etc.
* **Increased Extreme Weather Events:** Severe weather events like storms, floods, and droughts caused by climate change can disrupt sanitation systems, displace populations, create conditions conducive to disease transmission, and damage healthcare infrastructure. 
* **Water Resources:**  Climate change affects water availability and quality, potentially leading to outbreaks of waterborne diseases and malnutrition. It also disrupts agricultural production, impacting food security and increasing vulnerability.
* **Global Health Security:** As climate change creates unpredictable environments, the ability of global health organizations and nations to respond effectively to disease outbreaks is hampered. 

**However, it's crucial to remember that the relationship between climate change and pandemics is complex.** Climate change itself doesn't cause pandemics; rather, it creates conditions that make them more likely or severe:

* **Correlation, not causation:**  There are statistical associations between certain climatic changes and disease outbreaks, but this does not imply a direct causal link.
* **Diverse factors:** Pandemics are caused by complex interactions of numerous factors like the virus's pathogenicity, human behaviour (e.g., travel, social distancing), environmental conditions, and global health preparedness.


**Further Research**

To gain a comprehensive understanding of climate change's impact on pandemics, you can explore resources from organizations like:

* **World Health Organization (WHO):** [https://www.who.int/](https://www.who.int/)
* **Intergovernmental Panel on Climate Change (IPCC):** [https://www.ipcc.ch/](https://www.ipcc.ch/)
* **National Centers for Environmental Information (NCEI):** [https://www.ncei.noaa.gov/](https://www.ncei.noaa.gov/)


Remember, understanding the complex interplay between climate change and pandemics is essential to develop effective preparedness strategies and ensure global health security in the face of future challenges.","Here's a simpler explanation of how climate change affects the spread of diseases: 

**Climate Change and Diseases - A Recipe For Trouble**

Imagine that our planet is like a recipe for illness. The ingredients are temperature, water, and storms. Climate change is changing these ingredients in many ways:

* **Weather changes:**  Think extreme heat or heavy rains, which can spread germs faster and make people sick.
* **Water trouble:** Droughts or floods can disrupt how we get clean water and keep our food safe. This can also lead to food shortages and more illness from hunger and dehydration. 
* **Disease travel:** Climate change makes diseases move around the world like nomads! When temperatures change, insects that carry diseases can travel farther, making people more likely to get sick in new places.

**It's not just climate change itself.** It's how climate change changes our world.  Think about a recipe where some ingredients are already in place before we start cooking: 
* **People:** We need healthy communities and ways to help prevent illness (like vaccines).
* **Food systems:** We must make sure we have enough food for everyone, even if some of the places we grow it aren't always good.

**What can we do?** Understanding climate change and how it affects diseases is key to staying healthy and making our communities safer!  Scientists are studying these problems, and they are helping us find ways to be prepared for disease outbreaks in any kind of weather.


Let me know if you have any other questions about how climate change works!"
